{
  "user_id": "prm_user_0",
  "user_type": "PRM",
  "profile": "premium_light",
  "requests_sent": 38,
  "requests_succeeded": 38,
  "requests_failed": 0,
  "requests_rate_limited": 0,
  "response_times": [
    0.15992069244384766,
    0.482114315032959,
    0.0034873485565185547,
    0.9907174110412598,
    0.005959272384643555,
    0.005166292190551758,
    0.0037839412689208984,
    0.08399486541748047,
    0.006167173385620117,
    0.0035958290100097656,
    0.06367015838623047,
    0.0035130977630615234,
    0.008832931518554688,
    0.0037810802459716797,
    0.00705265998840332,
    0.010576486587524414,
    0.022096872329711914,
    0.02056097984313965,
    0.02054762840270996,
    0.02054762840270996,
    0.022570371627807617,
    0.022570371627807617,
    0.0043392181396484375,
    0.0030782222747802734,
    0.007118940353393555,
    0.01701188087463379,
    0.026611328125,
    0.02760910987854004,
    0.02760910987854004,
    0.027619600296020508,
    0.029120445251464844,
    0.029120445251464844,
    0.0031659603118896484,
    0.003413677215576172,
    0.009857892990112305,
    0.004534482955932617,
    0.0037560462951660156,
    0.006814718246459961
  ],
  "endpoints": {
    "resources": 29,
    "ping": 7,
    "rate-limit-status": 2
  },
  "anomalous": false
}