{
  "user_id": "std_user_1",
  "user_type": "STD",
  "profile": "standard_medium",
  "requests_sent": 88,
  "requests_succeeded": 31,
  "requests_failed": 0,
  "requests_rate_limited": 57,
  "response_times": [
    1.1034958362579346,
    0.009252071380615234,
    0.558171272277832,
    0.5571627616882324,
    0.5571627616882324,
    0.5571627616882324,
    0.5571627616882324,
    0.5571627616882324,
    0.5561642646789551,
    0.5599033832550049,
    0.7181401252746582,
    0.31112003326416016,
    0.10683655738830566,
    1.231867790222168,
    1.2318713665008545,
    1.2328696250915527,
    1.2318711280822754,
    1.2328696250915527,
    1.233870506286621,
    1.233870506286621,
    1.2358736991882324,
    1.236875057220459,
    1.2378721237182617,
    1.239377498626709,
    0.7553961277008057,
    0.018677234649658203,
    0.27074575424194336,
    0.27074575424194336,
    0.27223682403564453,
    0.27274465560913086,
    0.27274465560913086,
    0.2752645015716553,
    0.2752645015716553,
    0.004519224166870117,
    0.008617877960205078,
    0.013131856918334961,
    0.025860071182250977,
    0.025860071182250977,
    0.0268557071685791,
    0.02785325050354004,
    0.02686309814453125,
    0.027865886688232422,
    0.028865814208984375,
    0.013982534408569336,
    0.02006077766418457,
    0.03102588653564453,
    0.03102588653564453,
    0.030795574188232422,
    0.03302311897277832,
    0.03179574012756348,
    0.03179574012756348,
    0.00504755973815918,
    0.003396272659301758,
    0.0034868717193603516,
    0.007597684860229492,
    0.33353137969970703,
    0.0039937496185302734,
    0.032708168029785156,
    0.005536079406738281,
    0.002346038818359375,
    0.005155324935913086,
    0.006098508834838867,
    0.008340835571289062,
    0.005499839782714844,
    0.011316299438476562,
    0.021489620208740234,
    0.021773815155029297,
    0.022783994674682617,
    0.02378535270690918,
    0.02378535270690918,
    0.11196208000183105,
    0.13017988204956055,
    0.13218235969543457,
    0.13018536567687988,
    0.13018536567687988,
    0.13257408142089844,
    0.13257408142089844,
    0.13157200813293457,
    0.13207507133483887,
    0.004121303558349609,
    0.0045850276947021484,
    0.004285335540771484,
    0.12377619743347168,
    0.004599094390869141,
    0.10497117042541504,
    0.011025667190551758,
    0.005705118179321289,
    0.008148908615112305
  ],
  "endpoints": {
    "resources": 69,
    "ping": 15,
    "rate-limit-status": 4
  },
  "anomalous": false
}